{"cameraMode":{"drawMode":0,"name":"Shaded","section":"Shading Mode"},"sceneLighting":true,"audioPlay":false,"sceneViewState":{"m_AlwaysRefresh":false,"showFog":true,"showSkybox":true,"showFlares":true,"showImageEffects":true,"showParticleSystems":true,"showVisualEffectGraphs":true,"m_FxEnabled":true},"in2DMode":false,"pivot":{"x":8.721022605895996,"y":6.093441486358643,"z":-3.689385414123535},"rotation":{"x":0.13415856659412385,"y":-0.6656660437583923,"z":0.12340882420539856,"w":0.7236467003822327},"size":0.01595221273601055,"orthographic":false}